{
  "loss": [
    0.8393163681030273,
    0.8212458491325378,
    0.6862955093383789,
    0.6519894003868103,
    0.6326499581336975,
    0.6156535744667053,
    0.6005115509033203,
    0.5874946117401123,
    0.5745610594749451,
    0.5619101524353027,
    0.5494239330291748,
    0.5368087887763977,
    0.5244130492210388
  ],
  "val_loss": [
    0.7163486480712891,
    0.8068045973777771,
    0.7407212257385254,
    0.7345955967903137,
    0.7324771881103516,
    0.7144977450370789,
    0.7083651423454285,
    0.7119304537773132,
    0.7123041749000549,
    0.7118926048278809,
    0.7135934233665466,
    0.7171156406402588,
    0.7193400859832764
  ]
}