{
  "loss": [
    0.8411686420440674,
    0.7683547139167786,
    0.7171348929405212,
    0.6871263384819031,
    0.672264039516449,
    0.657981812953949,
    0.6478897929191589
  ],
  "val_loss": [
    0.67989182472229,
    0.6992377638816833,
    0.7244253158569336,
    0.7256355881690979,
    0.732517421245575,
    0.7328229546546936,
    0.7259400486946106
  ]
}